participant,mu,mu_list,time,intensity,deltaf,rt,dr
beth,1,MU01,c1,20,,22.99564828,10.22999724
beth,2,MU02,c1,20,2.934115468,31.01435724,12.09425776
beth,3,MU03,c1,20,2.612674387,32.07972954,9.26442704
beth,4,MU04,c1,20,,59.12716353,11.75856537
beth,5,MU05,c1,20,,73.95852171,9.276948091
beth,6,MU06,c1,20,,76.5829834,10.89643042
beth,7,MU07,c1,20,3.495370527,76.92327939,10.7019013
beth,8,MU08,c1,20,,,
beth,1,MU01,c1,40,,16.62835239,12.41261991
beth,2,MU02,c1,40,3.745297661,23.40378847,14.26318042
beth,3,MU03,c1,40,3.556382059,25.95115194,11.93902433
beth,4,MU04,c1,40,,,
beth,5,MU05,c1,40,,44.98604052,13.42017486
beth,6,MU06,c1,40,,,
beth,7,MU07,c1,40,2.686068836,37.48578954,13.58215617
beth,8,MU08,c1,40,,53.20001076,13.04158033
beth,1,MU09,c2,20,,20.41056104,10.61841865
beth,2,MU10,c2,20,2.154059527,26.40334817,9.854244257
beth,3,MU11,c2,20,,32.09035693,14.20242387
beth,4,MU12,c2,20,,44.71888289,9.630187892
beth,5,MU13,c2,20,2.280815949,52.07733564,11.23693883
beth,6,MU14,c2,20,,81.05292666,9.427360174
beth,7,MU15,c2,20,,92.15313583,7.54593854
beth,8,MU16,c2,20,,,
beth,1,MU09,c2,40,,8.823035032,11.96780994
beth,2,MU10,c2,40,3.110657086,18.30362641,11.68023681
beth,3,MU11,c2,40,,8.08917167,14.98699083
beth,4,MU12,c2,40,,40.78228675,9.103481874
beth,5,MU13,c2,40,2.605488061,32.11857805,12.90275671
beth,6,MU14,c2,40,,71.92372983,9.623192957
beth,7,MU15,c2,40,,79.57339633,9.72449101
beth,8,MU16,c2,40,,50.22336924,14.02168913
beth,1,MU17,post,20,,18.90727275,10.6413116
beth,2,MU18,post,20,,30.70864574,9.692461475
beth,3,MU19,post,20,,31.94922763,11.31322467
beth,4,MU20,post,20,,35.69385367,14.46015549
beth,5,MU21,post,20,,40.44822161,11.20028597
beth,6,MU22,post,20,,41.08458162,9.825679141
beth,7,MU23,post,20,,42.72933422,10.92647403
beth,8,MU24,post,20,,55.19348467,9.455530212
beth,9,MU25,post,20,1.036927762,58.94117723,10.50228748
beth,10,MU26,post,20,,67.36625544,9.812844993
beth,11,MU27,post,20,,,
beth,12,MU28,post,20,,,
beth,13,MU29,post,20,,,
beth,1,MU17,post,40,,,
beth,2,MU18,post,40,,,
beth,3,MU19,post,40,,19.77905023,14.64449969
beth,4,MU20,post,40,,,
beth,5,MU21,post,40,,,
beth,6,MU22,post,40,,20.41738673,13.69327388
beth,7,MU23,post,40,,,
beth,8,MU24,post,40,,,
beth,9,MU25,post,40,3.422932298,29.34603063,14.44840845
beth,10,MU26,post,40,,,
beth,11,MU27,post,40,,41.67297676,14.59844301
beth,12,MU28,post,40,,45.86212437,12.37225137
beth,13,MU29,post,40,,76.69633831,14.88460016
bill,1,MU30,c1,20,,41.57311336,10.85176415
bill,2,MU31,c1,20,,47.54964327,10.78065911
bill,3,MU32,c1,20,,49.68152807,10.64280441
bill,4,MU33,c1,20,,53.18112783,10.60725741
bill,5,MU34,c1,20,1.942726035,74.19731156,9.572113508
bill,6,MU35,c1,20,2.001453122,77.89591259,9.390694884
bill,7,MU36,c1,20,2.930581021,85.9284936,13.18810713
bill,8,MU37,c1,20,,87.29232701,8.889142342
bill,9,MU38,c1,20,,92.42809701,7.583720013
bill,1,MU30,c1,40,,27.71911122,11.46169126
bill,2,MU31,c1,40,,32.11593308,10.44074901
bill,3,MU32,c1,40,,28.85659067,13.55054831
bill,4,MU33,c1,40,,36.4030017,11.66965658
bill,5,MU34,c1,40,2.57763727,49.00317741,12.58685453
bill,6,MU35,c1,40,2.524122513,59.63424492,10.95727523
bill,7,MU36,c1,40,3.317207052,62.71923865,13.76256835
bill,8,MU37,c1,40,,,
bill,9,MU38,c1,40,,69.97956734,12.44925426
bill,1,MU39,c2,20,,62.36207027,8.613085171
bill,2,MU40,c2,20,,62.74679164,7.840400824
bill,3,MU41,c2,20,,74.02924204,8.635815888
bill,4,MU42,c2,20,,73.09114406,10.28609217
bill,5,MU43,c2,20,,75.3149082,7.879713174
bill,6,MU44,c2,20,2.461861217,76.24261391,9.551059451
bill,7,MU45,c2,20,,80.31577587,5.820077058
bill,8,MU46,c2,20,,84.06206108,8.328358526
bill,9,MU47,c2,20,,89.00745226,10.23474444
bill,10,MU48,c2,20,2.525312132,91.47977451,8.283511107
bill,11,MU49,c2,20,1.831625939,93.06745249,6.854587624
bill,12,MU50,c2,20,,,
bill,1,MU39,c2,40,,39.68351153,10.63602531
bill,2,MU40,c2,40,,31.90398964,10.71822041
bill,3,MU41,c2,40,,42.39201088,11.6804292
bill,4,MU42,c2,40,,49.80580379,12.95938951
bill,5,MU43,c2,40,,46.3089647,10.54298885
bill,6,MU44,c2,40,3.705041837,49.86178068,12.08942163
bill,7,MU45,c2,40,,38.7322561,8.028073006
bill,8,MU46,c2,40,,40.61272129,10.41666561
bill,9,MU47,c2,40,,56.56875428,13.29488865
bill,10,MU48,c2,40,3.40548218,50.19969787,12.57148591
bill,11,MU49,c2,40,2.63988171,58.10080156,10.49295886
bill,12,MU50,c2,40,,69.70659665,11.74569321
bill,1,MU51,post,20,,32.52047053,11.68475213
bill,2,MU52,post,20,,61.79836239,10.5902416
bill,3,MU53,post,20,2.314049652,72.21785487,7.046723137
bill,4,MU54,post,20,3.127204546,74.04535702,8.248862428
bill,5,MU55,post,20,3.293681716,82.48244292,9.500978349
bill,6,MU56,post,20,3.193761607,82.92889429,9.325855936
bill,7,MU57,post,20,3.15129839,83.45282344,9.157623669
bill,8,MU58,post,20,3.427805149,84.02507521,9.683288976
bill,9,MU59,post,20,3.518233196,91.17995278,11.30722156
bill,10,MU60,post,20,2.949960822,93.57882283,8.180436257
bill,11,MU61,post,20,3.473493523,92.35869254,8.137205591
bill,12,MU62,post,20,,,
bill,13,MU63,post,20,,,
bill,14,MU64,post,20,,,
bill,15,MU65,post,20,,,
bill,1,MU51,post,40,,26.86344823,13.32790622
bill,2,MU52,post,40,,44.39993654,11.77311274
bill,3,MU53,post,40,2.581586991,48.5389767,9.598183455
bill,4,MU54,post,40,3.500936995,47.91780592,11.17961701
bill,5,MU55,post,40,3.583197901,48.39275652,13.4038273
bill,6,MU56,post,40,4.18028786,53.49743625,11.99120332
bill,7,MU57,post,40,3.383102511,48.87945344,13.27381254
bill,8,MU58,post,40,4.526536994,53.49743625,12.89969844
bill,9,MU59,post,40,4.532857114,53.70368853,13.48504066
bill,10,MU60,post,40,3.421842943,57.47411585,12.21571034
bill,11,MU61,post,40,4.094490213,53.95417984,11.18240105
bill,12,MU62,post,40,,41.40401998,12.76924369
bill,13,MU63,post,40,,72.58834225,11.83192026
bill,14,MU64,post,40,,73.82088066,11.01701431
bill,15,MU65,post,40,,79.00563882,11.71129423
chic,1,MU66,c1,20,,10.17712221,6.786241297
chic,2,MU67,c1,20,,14.26575327,10.45866805
chic,3,MU68,c1,20,,14.40618071,7.908890417
chic,4,MU69,c1,20,,14.40618071,7.992001289
chic,5,MU70,c1,20,,31.75543953,7.143281125
chic,6,MU71,c1,20,,36.65219179,7.17326628
chic,7,MU72,c1,20,,37.95608252,8.923577017
chic,8,MU73,c1,20,0.564534287,45.41085746,6.278970156
chic,9,MU74,c1,20,,63.46796379,6.623077204
chic,10,MU75,c1,20,,71.4070466,7.07201182
chic,11,MU76,c1,20,,74.20031289,8.762398917
chic,12,MU77,c1,20,,,
chic,13,MU78,c1,20,,,
chic,14,MU79,c1,20,,,
chic,1,MU66,c1,40,,50.90068049,8.422633767
chic,2,MU67,c1,40,,6.378551037,10.12394755
chic,3,MU68,c1,40,,8.665871322,8.683388918
chic,4,MU69,c1,40,,6.481454319,8.63055512
chic,5,MU70,c1,40,,8.947886093,7.397756716
chic,6,MU71,c1,40,,13.94065375,7.205181784
chic,7,MU72,c1,40,,15.25914734,9.046050436
chic,8,MU73,c1,40,0.19302602,18.91334083,7.329454487
chic,9,MU74,c1,40,,,
chic,10,MU75,c1,40,,29.61825104,7.868844885
chic,11,MU76,c1,40,,56.81101537,9.757571249
chic,12,MU77,c1,40,,41.22043857,6.88816178
chic,13,MU78,c1,40,,41.37152043,6.866788211
chic,14,MU79,c1,40,,63.07419174,5.619469694
chic,1,MU80,c2,20,,8.611173575,7.559936775
chic,2,MU81,c2,20,,9.328270389,9.627650251
chic,3,MU82,c2,20,,9.551256247,6.958468425
chic,4,MU83,c2,20,,10.31415863,7.319776744
chic,5,MU84,c2,20,,17.21982341,6.413645533
chic,6,MU85,c2,20,,28.78782872,6.729268025
chic,7,MU86,c2,20,,29.8621217,7.800142925
chic,8,MU87,c2,20,,34.44742207,6.301994007
chic,9,MU88,c2,20,,35.72117922,7.138114765
chic,10,MU89,c2,20,,37.30318063,6.372113524
chic,11,MU90,c2,20,0.584388071,46.19410114,5.523242569
chic,12,MU91,c2,20,,82.28216837,7.903852503
chic,13,MU92,c2,20,,83.15188054,9.178849419
chic,14,MU93,c2,20,,82.30953652,7.465171557
chic,15,MU94,c2,20,,94.49363903,5.756821244
chic,16,MU95,c2,20,,,
chic,17,MU96,c2,20,,,
chic,1,MU80,c2,40,,4.569292002,8.152254055
chic,2,MU81,c2,40,,4.601822961,9.328483811
chic,3,MU82,c2,40,,4.659479554,7.056501406
chic,4,MU83,c2,40,,4.596615265,7.853254543
chic,5,MU84,c2,40,,8.177190585,6.430262354
chic,6,MU85,c2,40,,13.84011838,6.773742301
chic,7,MU86,c2,40,,13.89162747,8.162617179
chic,8,MU87,c2,40,,20.18681596,6.572006076
chic,9,MU88,c2,40,,24.57955825,7.810989267
chic,10,MU89,c2,40,,22.04271991,6.754595729
chic,11,MU90,c2,40,0.488788101,32.21944292,6.844306894
chic,12,MU91,c2,40,,52.57795491,10.16496802
chic,13,MU92,c2,40,,,
chic,14,MU93,c2,40,,60.63849843,9.980702087
chic,15,MU94,c2,40,,40.99358688,6.458630186
chic,16,MU95,c2,40,,66.56449152,8.153557786
chic,17,MU96,c2,40,,89.1020997,7.164603112
chic,1,MU97,post,20,,10.63778016,7.668827772
chic,2,MU98,post,20,,11.98340557,8.467409727
chic,3,MU99,post,20,,13.17832411,7.27482628
chic,4,MU100,post,20,,22.01674801,7.189687539
chic,5,MU101,post,20,,21.74600626,6.646156011
chic,6,MU102,post,20,,23.74008382,6.363237656
chic,7,MU103,post,20,,32.82925174,6.973525129
chic,8,MU104,post,20,1.254793887,35.60499089,6.318023204
chic,9,MU105,post,20,,39.8389724,7.101272304
chic,10,MU106,post,20,,41.30336699,5.721188167
chic,11,MU107,post,20,,68.7508672,8.258151366
chic,12,MU108,post,20,2.739110197,69.79987349,7.263868002
chic,13,MU109,post,20,,81.94073099,8.462583997
chic,14,MU110,post,20,,89.36195002,6.774436116
chic,15,MU111,post,20,,94.48725976,6.844558215
chic,16,MU112,post,20,,94.52754358,5.556557975
chic,17,MU113,post,20,,,
chic,18,MU114,post,20,,,
chic,19,MU115,post,20,,,
chic,20,MU116,post,20,,,
chic,21,MU117,post,20,,,
chic,22,MU118,post,20,,,
chic,23,MU119,post,20,,,
chic,24,MU120,post,20,,,
chic,25,MU121,post,20,,,
chic,26,MU122,post,20,,,
chic,27,MU123,post,20,,,
chic,1,MU97,post,40,,,
chic,2,MU98,post,40,,,
chic,3,MU99,post,40,,2.693351811,8.411109261
chic,4,MU100,post,40,,,
chic,5,MU101,post,40,,,
chic,6,MU102,post,40,,,
chic,7,MU103,post,40,,15.24482643,7.571722068
chic,8,MU104,post,40,1.798136991,19.42591873,9.318499472
chic,9,MU105,post,40,,,
chic,10,MU106,post,40,,,
chic,11,MU107,post,40,,35.06680079,11.96504534
chic,12,MU108,post,40,3.358631735,41.68034774,11.19167804
chic,13,MU109,post,40,,,
chic,14,MU110,post,40,,48.88752202,10.55801715
chic,15,MU111,post,40,,73.44685902,9.375169809
chic,16,MU112,post,40,,76.01153634,9.912490868
chic,17,MU113,post,40,,49.85110806,11.92214729
chic,18,MU114,post,40,,56.76081268,12.39797843
chic,19,MU115,post,40,,58.16689156,10.11281898
chic,20,MU116,post,40,,58.23915624,12.23919296
chic,21,MU117,post,40,,67.42253089,8.95163463
chic,22,MU118,post,40,,75.98533228,9.734919848
chic,23,MU119,post,40,,76.00480666,8.957039416
chic,24,MU120,post,40,,80.2184774,12.30694584
chic,25,MU121,post,40,,86.05891217,9.032253919
chic,26,MU122,post,40,,90.75877671,8.380227923
chic,27,MU123,post,40,,90.87702139,6.997427523
chris,1,MU124,c1,20,,5.711211367,7.314507472
chris,2,MU125,c1,20,,24.75145196,8.451959538
chris,3,MU126,c1,20,,27.3881006,10.57145452
chris,4,MU127,c1,20,2.230361591,37.00055337,7.859899726
chris,5,MU128,c1,20,,41.2634044,7.610426604
chris,6,MU129,c1,20,0.699389547,43.39307032,8.405649268
chris,7,MU130,c1,20,0.887416421,46.0524225,9.579196172
chris,8,MU131,c1,20,3.494672391,48.20404962,8.624287698
chris,9,MU132,c1,20,0.77426319,50.86547414,8.184687789
chris,10,MU133,c1,20,1.445256103,56.24937723,6.213256015
chris,11,MU134,c1,20,1.358027785,59.48240224,8.970006939
chris,12,MU135,c1,20,2.692425283,79.52752438,6.857197691
chris,13,MU136,c1,20,1.966981825,79.562964,7.674460876
chris,14,MU137,c1,20,2.24392055,81.22276994,6.495596378
chris,15,MU138,c1,20,1.774980225,82.33751894,8.629437834
chris,16,MU139,c1,20,,,
chris,17,MU140,c1,20,,,
chris,18,MU141,c1,20,,,
chris,1,MU124,c1,40,,3.392701943,7.618059957
chris,2,MU125,c1,40,,24.5320406,9.126103615
chris,3,MU126,c1,40,,25.89966359,11.22178364
chris,4,MU127,c1,40,1.349797472,14.71377828,8.291969108
chris,5,MU128,c1,40,,27.90931919,8.529480459
chris,6,MU129,c1,40,0.684403692,33.84173292,8.842221074
chris,7,MU130,c1,40,0.054084001,27.15573098,10.66087021
chris,8,MU131,c1,40,5.057426625,45.02817713,9.96439566
chris,9,MU132,c1,40,1.391509864,44.67355604,9.479331884
chris,10,MU133,c1,40,1.48995867,35.80590973,6.769219927
chris,11,MU134,c1,40,0.99717193,48.29768459,11.56878048
chris,12,MU135,c1,40,2.030519217,57.25519868,9.978409704
chris,13,MU136,c1,40,2.192894632,57.21183177,10.56405251
chris,14,MU137,c1,40,2.948948461,66.23289562,8.87739781
chris,15,MU138,c1,40,1.783571083,54.69760161,10.60662562
chris,16,MU139,c1,40,,57.35434237,8.86986448
chris,17,MU140,c1,40,,68.59668507,10.04716813
chris,18,MU141,c1,40,,72.09822549,9.020746537
chris,1,MU142,c2,20,,8.320145145,6.848295194
chris,2,MU143,c2,20,,10.17037606,8.53439476
chris,3,MU144,c2,20,,13.05259423,8.045461696
chris,4,MU145,c2,20,,33.122286,10.08859481
chris,5,MU146,c2,20,,39.07855398,7.622831125
chris,6,MU147,c2,20,,45.28924088,10.63494006
chris,7,MU148,c2,20,1.616909766,46.38326246,9.527923848
chris,8,MU149,c2,20,,46.87077873,9.682694878
chris,9,MU150,c2,20,,47.44355144,7.943797878
chris,10,MU151,c2,20,,47.44270078,7.212689956
chris,11,MU152,c2,20,1.808354923,47.49501626,8.178540256
chris,12,MU153,c2,20,,55.02507769,6.715422064
chris,13,MU154,c2,20,,55.29473059,9.110235569
chris,14,MU155,c2,20,,65.44403444,7.160142764
chris,15,MU156,c2,20,,65.67648845,6.118376716
chris,16,MU157,c2,20,,65.75675124,9.761874968
chris,17,MU158,c2,20,2.154173201,67.87787669,9.820276782
chris,18,MU159,c2,20,1.394465846,87.10660602,6.320098016
chris,19,MU160,c2,20,,,
chris,20,MU161,c2,20,,,
chris,21,MU162,c2,20,,,
chris,22,MU163,c2,20,,,
chris,1,MU142,c2,40,,4.893417112,7.759444162
chris,2,MU143,c2,40,,10.46957224,9.828262774
chris,3,MU144,c2,40,,,
chris,4,MU145,c2,40,,23.51530043,11.31252539
chris,5,MU146,c2,40,,27.08115789,9.250225647
chris,6,MU147,c2,40,,,
chris,7,MU148,c2,40,1.743639681,25.27928823,11.11714846
chris,8,MU149,c2,40,,,
chris,9,MU150,c2,40,,,
chris,10,MU151,c2,40,,26.88419104,9.392118845
chris,11,MU152,c2,40,2.057807194,28.44562261,10.52100467
chris,12,MU153,c2,40,,,
chris,13,MU154,c2,40,,,
chris,14,MU155,c2,40,,48.60538584,9.392118845
chris,15,MU156,c2,40,,,
chris,16,MU157,c2,40,,41.17427237,10.52100467
chris,17,MU158,c2,40,1.962792202,49.48279237,9.944259104
chris,18,MU159,c2,40,1.598861394,55.33436342,11.9505919
chris,19,MU160,c2,40,,45.99206422,11.80418805
chris,20,MU161,c2,40,,72.51954474,10.94954506
chris,21,MU162,c2,40,,82.69206278,9.441846764
chris,22,MU163,c2,40,,85.57688155,9.960995372
chris,1,MU164,post,20,,27.54957288,9.295498139
chris,2,MU165,post,20,,42.93955498,10.39819821
chris,3,MU166,post,20,,44.22911222,9.706953167
chris,4,MU167,post,20,,62.59184549,8.93633414
chris,5,MU168,post,20,,66.16247887,9.569843371
chris,6,MU169,post,20,2.096029793,69.41334317,9.645453172
chris,7,MU170,post,20,2.199743886,75.19800553,9.110045274
chris,8,MU171,post,20,1.983485101,75.31805671,9.232120783
chris,9,MU172,post,20,,,
chris,10,MU173,post,20,,,
chris,11,MU174,post,20,,,
chris,12,MU175,post,20,,,
chris,13,MU176,post,20,,,
chris,14,MU177,post,20,,,
chris,1,MU164,post,40,,20.06414018,11.41500273
chris,2,MU165,post,40,,,
chris,3,MU166,post,40,,42.96910216,10.00566161
chris,4,MU167,post,40,,36.53425885,9.310077765
chris,5,MU168,post,40,,34.64842787,13.78692662
chris,6,MU169,post,40,3.142344929,56.0050226,10.37044221
chris,7,MU170,post,40,1.970179732,53.01416875,9.37770312
chris,8,MU171,post,40,2.600628998,54.10661549,11.08084216
chris,9,MU172,post,40,,65.69640255,13.26214121
chris,10,MU173,post,40,,74.24982204,9.130154493
chris,11,MU174,post,40,,75.46964522,8.867618525
chris,12,MU175,post,40,,86.72113899,14.73425155
chris,13,MU176,post,40,,90.25659675,8.805321511
chris,14,MU177,post,40,,95.75636079,9.593462944
clare,1,MU178,c1,20,,,
clare,2,MU179,c1,20,,,
clare,3,MU180,c1,20,,10.04788588,7.084391935
clare,4,MU181,c1,20,,10.038534,5.883514205
clare,5,MU182,c1,20,,25.56022609,6.607504319
clare,6,MU183,c1,20,0.555840186,44.28475359,10.04787615
clare,7,MU184,c1,20,,44.43572235,10.09787201
clare,8,MU185,c1,20,,54.34538994,5.672407939
clare,9,MU186,c1,20,,74.77433529,7.52060616
clare,10,MU187,c1,20,,75.25597995,9.598580576
clare,11,MU188,c1,20,,,
clare,12,MU189,c1,20,,,
clare,13,MU190,c1,20,,,
clare,14,MU191,c1,20,,,
clare,15,MU192,c1,20,,,
clare,16,MU193,c1,20,,,
clare,17,MU194,c1,20,,,
clare,1,MU178,c1,40,,,
clare,2,MU179,c1,40,,,
clare,3,MU180,c1,40,,7.826423632,7.650609159
clare,4,MU181,c1,40,,7.81903805,5.993506329
clare,5,MU182,c1,40,,9.812008304,7.265865805
clare,6,MU183,c1,40,0.846440709,38.60155043,14.82191407
clare,7,MU184,c1,40,,,
clare,8,MU185,c1,40,,29.58828916,6.793116454
clare,9,MU186,c1,40,,,
clare,10,MU187,c1,40,,,
clare,11,MU188,c1,40,,58.00790195,10.60002346
clare,12,MU189,c1,40,,61.27723457,8.917581406
clare,13,MU190,c1,40,,64.54071444,13.39558406
clare,14,MU191,c1,40,,71.55688065,5.897440704
clare,15,MU192,c1,40,,73.05424912,5.791813394
clare,16,MU193,c1,40,,73.24566972,12.47264126
clare,17,MU194,c1,40,,74.35448865,9.492098306
clare,1,MU195,c2,20,,13.42230898,7.210382965
clare,2,MU196,c2,20,,14.19784025,6.094058947
clare,3,MU197,c2,20,,19.33372474,6.779538504
clare,4,MU198,c2,20,,17.98486748,6.670787579
clare,5,MU199,c2,20,,41.47903847,15.05345649
clare,6,MU200,c2,20,1.62371202,42.94344168,8.243774311
clare,7,MU201,c2,20,,49.39806745,7.540498983
clare,8,MU202,c2,20,1.416484456,57.51573388,7.4592662
clare,9,MU203,c2,20,,61.81835642,15.46348779
clare,10,MU204,c2,20,1.664700684,68.62575554,8.096992553
clare,11,MU205,c2,20,,73.0743914,6.235738627
clare,12,MU206,c2,20,,96.2307424,6.502621516
clare,13,MU207,c2,20,,,
clare,14,MU208,c2,20,,,
clare,15,MU209,c2,20,,,
clare,16,MU210,c2,20,,,
clare,1,MU195,c2,40,,12.10052926,7.677925251
clare,2,MU196,c2,40,,12.23178614,6.228480953
clare,3,MU197,c2,40,,,
clare,4,MU198,c2,40,,14.46218288,6.262793262
clare,5,MU199,c2,40,,31.23317247,16.56526239
clare,6,MU200,c2,40,1.379855189,26.86229683,8.479660449
clare,7,MU201,c2,40,,14.51026088,7.875709933
clare,8,MU202,c2,40,2.267050815,37.39905626,8.307442376
clare,9,MU203,c2,40,,42.37559602,16.75816779
clare,10,MU204,c2,40,2.675129556,46.75093559,11.14573148
clare,11,MU205,c2,40,,61.44412038,5.694148224
clare,12,MU206,c2,40,,59.80470524,6.473656866
clare,13,MU207,c2,40,,55.76153861,13.32239017
clare,14,MU208,c2,40,,59.55551576,13.59909659
clare,15,MU209,c2,40,,75.77706583,7.126737373
clare,16,MU210,c2,40,,82.73138838,10.9410705
clare,1,MU211,post,20,,11.80179654,5.383298266
clare,2,MU212,post,20,,21.81691535,6.78333863
clare,3,MU213,post,20,-0.078765191,31.69093969,5.196972327
clare,4,MU214,post,20,,42.07008571,6.772693676
clare,5,MU215,post,20,,49.35509483,6.360986123
clare,6,MU216,post,20,,53.42338313,9.472707498
clare,7,MU217,post,20,0.27425829,53.97301728,10.89776089
clare,8,MU218,post,20,,65.36585644,11.04517356
clare,9,MU219,post,20,,66.40819689,12.50509219
clare,10,MU220,post,20,,68.4289332,9.674161459
clare,11,MU221,post,20,,64.5919779,7.196828397
clare,12,MU222,post,20,,68.72497126,8.756163657
clare,13,MU223,post,20,,,
clare,14,MU224,post,20,,,
clare,15,MU225,post,20,,,
clare,16,MU226,post,20,,,
clare,17,MU227,post,20,,,
clare,18,MU228,post,20,,,
clare,19,MU229,post,20,,,
clare,1,MU211,post,40,,8.509352638,6.888516353
clare,2,MU212,post,40,,8.681719833,8.027461716
clare,3,MU213,post,40,2.114474725,71.88137145,5.89072377
clare,4,MU214,post,40,,11.91060205,7.63411985
clare,5,MU215,post,40,,,
clare,6,MU216,post,40,,,
clare,7,MU217,post,40,1.431147448,27.92104335,15.90668874
clare,8,MU218,post,40,,,
clare,9,MU219,post,40,,,
clare,10,MU220,post,40,,,
clare,11,MU221,post,40,,8.664020791,8.721841408
clare,12,MU222,post,40,,,
clare,13,MU223,post,40,,10.1539224,4.990084099
clare,14,MU224,post,40,,50.60867588,11.36633885
clare,15,MU225,post,40,,55.71988768,7.030074148
clare,16,MU226,post,40,,55.83156244,11.90338537
clare,17,MU227,post,40,,65.47032551,5.602211492
clare,18,MU228,post,40,,76.67491505,11.12556683
clare,19,MU229,post,40,,80.97482905,15.18036555
colleen,1,MU230,c1,20,,27.72121151,11.06490753
colleen,2,MU231,c1,20,,27.72964717,9.76801531
colleen,3,MU232,c1,20,2.838901869,36.25570779,8.237534489
colleen,4,MU233,c1,20,,36.68530787,6.624996717
colleen,5,MU234,c1,20,1.174725535,53.69517047,6.451697161
colleen,6,MU235,c1,20,4.091745964,68.72551473,10.02012849
colleen,7,MU236,c1,20,3.158061396,65.9624754,8.197072288
colleen,8,MU237,c1,20,,81.16123959,6.384604312
colleen,9,MU238,c1,20,,,
colleen,10,MU239,c1,20,,,
colleen,1,MU230,c1,40,,15.57122331,11.37567708
colleen,2,MU231,c1,40,,13.33430088,10.44176839
colleen,3,MU232,c1,40,3.050292882,24.87075971,9.100189133
colleen,4,MU233,c1,40,,27.75499535,6.81882736
colleen,5,MU234,c1,40,2.01543012,32.8887098,6.684184306
colleen,6,MU235,c1,40,3.580080522,32.8991509,10.4977126
colleen,7,MU236,c1,40,4.629386075,35.87301756,7.96771616
colleen,8,MU237,c1,40,,,
colleen,9,MU238,c1,40,,65.4895076,9.076184948
colleen,10,MU239,c1,40,,68.38195846,7.008453462
colleen,1,MU240,c2,20,,34.82705485,10.31193565
colleen,2,MU241,c2,20,,44.9491957,8.377162359
colleen,3,MU242,c2,20,,47.93219737,6.11515464
colleen,4,MU243,c2,20,3.638095969,56.49128084,11.04022461
colleen,5,MU244,c2,20,,57.8774021,8.548439635
colleen,6,MU245,c2,20,,66.52901337,6.733419835
colleen,7,MU246,c2,20,,66.57168533,9.252626349
colleen,8,MU247,c2,20,1.689379614,82.3760136,5.642288586
colleen,9,MU248,c2,20,,89.64809792,7.050795755
colleen,1,MU240,c2,40,,19.01939455,11.36517719
colleen,2,MU241,c2,40,,19.66564583,9.755042033
colleen,3,MU242,c2,40,,43.36911171,7.462134877
colleen,4,MU243,c2,40,3.007877178,24.82769037,12.18806059
colleen,5,MU244,c2,40,,55.36262085,8.82516607
colleen,6,MU245,c2,40,,,
colleen,7,MU246,c2,40,,24.80466883,10.6106116
colleen,8,MU247,c2,40,1.136908376,55.94607366,7.789219804
colleen,9,MU248,c2,40,,64.36552256,10.00908971
colleen,1,MU249,post,20,,24.9701324,6.951684852
colleen,2,MU250,post,20,,36.58639538,11.33445546
colleen,3,MU251,post,20,,38.17649726,9.413063167
colleen,4,MU252,post,20,,43.79573587,10.98189058
colleen,5,MU253,post,20,,52.48459028,10.99357203
colleen,6,MU254,post,20,,56.42196747,9.662676291
colleen,7,MU255,post,20,1.702359539,80.24993349,5.975337826
colleen,8,MU256,post,20,,94.94820522,6.707163174
colleen,9,MU257,post,20,1.736564445,91.23877916,5.721356121
colleen,10,MU258,post,20,,92.26353416,5.963117386
colleen,11,MU259,post,20,,,
colleen,1,MU249,post,40,,17.32194005,7.703246837
colleen,2,MU250,post,40,,,
colleen,3,MU251,post,40,,28.05095929,9.987401608
colleen,4,MU252,post,40,,20.29304405,12.40879339
colleen,5,MU253,post,40,,35.36621606,13.47412785
colleen,6,MU254,post,40,,36.00753211,10.69798877
colleen,7,MU255,post,40,1.682311291,50.75495504,7.307132539
colleen,8,MU256,post,40,,71.18228375,9.922452372
colleen,9,MU257,post,40,2.243255521,60.20702922,7.514179507
colleen,10,MU258,post,40,,,
colleen,11,MU259,post,40,,65.93378901,9.717614988
eilleen,1,MU260,c1,20,,12.74492199,9.700311423
eilleen,2,MU261,c1,20,,16.01119374,8.331401848
eilleen,3,MU262,c1,20,,17.71646283,9.713869334
eilleen,4,MU263,c1,20,,21.1416656,10.2430412
eilleen,5,MU264,c1,20,,21.87325934,9.80499073
eilleen,6,MU265,c1,20,,23.0585536,9.151228066
eilleen,7,MU266,c1,20,,23.34495764,8.306841177
eilleen,8,MU267,c1,20,,23.35460287,11.57096439
eilleen,9,MU268,c1,20,,25.66649861,10.09498186
eilleen,10,MU269,c1,20,,30.99273414,8.448731416
eilleen,11,MU270,c1,20,,40.34986786,10.09048048
eilleen,12,MU271,c1,20,1.681993538,40.67600151,9.775324672
eilleen,13,MU272,c1,20,2.197556851,50.18447578,9.608862479
eilleen,14,MU273,c1,20,,62.49215666,8.761279537
eilleen,15,MU274,c1,20,2.9096153,82.77715039,8.170531213
eilleen,16,MU275,c1,20,3.759681171,88.27424659,6.82758993
eilleen,17,MU276,c1,20,3.481841428,89.57479874,10.37989083
eilleen,18,MU277,c1,20,3.806096001,90.15819425,6.030506227
eilleen,1,MU260,c1,40,,8.52011305,10.64489584
eilleen,2,MU261,c1,40,,12.10540667,8.845012445
eilleen,3,MU262,c1,40,,12.35147365,10.15651974
eilleen,4,MU263,c1,40,,9.740291078,10.91096675
eilleen,5,MU264,c1,40,,19.47488758,10.20041791
eilleen,6,MU265,c1,40,,,
eilleen,7,MU266,c1,40,,13.01385973,9.051971409
eilleen,8,MU267,c1,40,,,
eilleen,9,MU268,c1,40,,13.86256556,10.39125815
eilleen,10,MU269,c1,40,,18.01210205,8.858861063
eilleen,11,MU270,c1,40,,,
eilleen,12,MU271,c1,40,2.176651951,27.80816315,10.90965775
eilleen,13,MU272,c1,40,2.723590312,34.1006569,10.55290893
eilleen,14,MU273,c1,40,,36.70201384,9.454212479
eilleen,15,MU274,c1,40,2.480253586,50.62884087,10.65981772
eilleen,16,MU275,c1,40,2.938400943,62.55439296,9.550272349
eilleen,17,MU276,c1,40,3.193516049,63.57205902,12.05327416
eilleen,18,MU277,c1,40,2.421564302,59.441519,8.766864555
eilleen,1,MU278,c2,20,,6.028138878,9.722727027
eilleen,2,MU279,c2,20,,6.271835356,9.266562452
eilleen,3,MU280,c2,20,,9.096047981,10.00596338
eilleen,4,MU281,c2,20,,13.65873944,10.06541812
eilleen,5,MU282,c2,20,3.576471114,20.33785831,10.68372292
eilleen,6,MU283,c2,20,2.608808974,19.09780911,8.781717603
eilleen,7,MU284,c2,20,3.066112753,24.16843963,8.545290352
eilleen,8,MU285,c2,20,3.671630219,27.48303724,8.386136839
eilleen,9,MU286,c2,20,1.740687693,29.39993143,10.47271987
eilleen,10,MU287,c2,20,2.804378488,45.30678793,7.106735439
eilleen,11,MU288,c2,20,2.60664797,45.449011,9.031886866
eilleen,12,MU289,c2,20,,62.75161312,8.714292598
eilleen,13,MU290,c2,20,3.308660249,66.56639002,7.868946074
eilleen,14,MU291,c2,20,,70.1148874,6.059992571
eilleen,15,MU292,c2,20,,71.07467335,8.020008424
eilleen,16,MU293,c2,20,,78.64572547,6.822550128
eilleen,17,MU294,c2,20,2.105755665,79.65344466,10.17458715
eilleen,18,MU295,c2,20,,,
eilleen,19,MU296,c2,20,,,
eilleen,20,MU297,c2,20,,,
eilleen,1,MU278,c2,40,,6.116774056,9.830981107
eilleen,2,MU279,c2,40,,6.828414731,8.570853533
eilleen,3,MU280,c2,40,,5.513087335,10.22963377
eilleen,4,MU281,c2,40,,10.55852516,9.783539304
eilleen,5,MU282,c2,40,2.604129289,14.98737131,10.96796766
eilleen,6,MU283,c2,40,2.016421903,14.48781308,9.044213326
eilleen,7,MU284,c2,40,2.813703836,15.02978572,8.978673736
eilleen,8,MU285,c2,40,3.134899107,22.80337345,8.449980377
eilleen,9,MU286,c2,40,1.950453834,23.06496292,10.02961179
eilleen,10,MU287,c2,40,3.116538622,31.10333313,7.845869018
eilleen,11,MU288,c2,40,3.074177011,32.17064609,9.721872321
eilleen,12,MU289,c2,40,,21.22149329,11.33220458
eilleen,13,MU290,c2,40,3.411273421,44.65336142,8.690268795
eilleen,14,MU291,c2,40,,,
eilleen,15,MU292,c2,40,,46.21662911,10.15428314
eilleen,16,MU293,c2,40,,,
eilleen,17,MU294,c2,40,2.194795671,67.35958057,10.86292086
eilleen,18,MU295,c2,40,,66.96619663,8.181827264
eilleen,19,MU296,c2,40,,78.09726094,9.821397221
eilleen,20,MU297,c2,40,,84.19434406,8.393448606
eilleen,1,MU298,post,20,,3.831345282,10.49666126
eilleen,2,MU299,post,20,,8.541238536,10.34681644
eilleen,3,MU300,post,20,,9.850126718,10.94467359
eilleen,4,MU301,post,20,2.311858473,14.68265609,9.636179615
eilleen,5,MU302,post,20,2.336446114,15.00589317,11.67286044
eilleen,6,MU303,post,20,4.088054933,18.85232148,10.91482748
eilleen,7,MU304,post,20,4.029831535,23.331573,9.361703523
eilleen,8,MU305,post,20,,32.85799902,9.546613812
eilleen,9,MU306,post,20,2.361882417,37.02942383,11.05708249
eilleen,10,MU307,post,20,,38.51945842,10.52222742
eilleen,11,MU308,post,20,3.301094557,44.24012172,7.439980524
eilleen,12,MU309,post,20,3.733864932,52.8125754,9.141967415
eilleen,13,MU310,post,20,2.446465107,52.82340732,10.92910094
eilleen,14,MU311,post,20,3.36595994,58.94864999,8.048635061
eilleen,15,MU312,post,20,2.73478524,59.52903912,11.85743315
eilleen,16,MU313,post,20,,61.43447406,7.146840991
eilleen,17,MU314,post,20,3.112303244,72.79352502,8.923064734
eilleen,18,MU315,post,20,,78.87033002,7.38680961
eilleen,19,MU316,post,20,,78.74294403,10.039885
eilleen,20,MU317,post,20,,80.36229504,8.079893548
eilleen,21,MU318,post,20,,,
eilleen,22,MU319,post,20,,,
eilleen,1,MU298,post,40,,5.055508386,10.14435317
eilleen,2,MU299,post,40,,,
eilleen,3,MU300,post,40,,5.622605014,10.58363652
eilleen,4,MU301,post,40,3.075237402,14.57819724,9.81989729
eilleen,5,MU302,post,40,2.982555636,14.33945973,10.57741565
eilleen,6,MU303,post,40,3.835103842,11.10715876,10.66167389
eilleen,7,MU304,post,40,3.641533401,14.04883103,9.089423879
eilleen,8,MU305,post,40,,,
eilleen,9,MU306,post,40,2.54823048,22.48928716,10.83200444
eilleen,10,MU307,post,40,,24.09160553,10.51497316
eilleen,11,MU308,post,40,3.49848165,34.5926633,7.8885092
eilleen,12,MU309,post,40,3.290037535,33.91781255,9.359401574
eilleen,13,MU310,post,40,2.062337063,35.46657014,9.477908153
eilleen,14,MU311,post,40,2.628445064,38.06216971,8.646883632
eilleen,15,MU312,post,40,2.263427568,45.80240505,11.21174808
eilleen,16,MU313,post,40,,,
eilleen,17,MU314,post,40,3.290669275,46.38261149,9.836072759
eilleen,18,MU315,post,40,,55.36447646,8.420928944
eilleen,19,MU316,post,40,,,
eilleen,20,MU317,post,40,,49.46133515,8.92465839
eilleen,21,MU318,post,40,,71.77331512,7.909410808
eilleen,22,MU319,post,40,,81.3347319,11.23593333
evelyn,1,MU320,c1,20,,13.49624964,7.959988823
evelyn,2,MU321,c1,20,,52.5161827,9.982580793
evelyn,3,MU322,c1,20,,59.82833684,10.40306751
evelyn,4,MU323,c1,20,,68.87259671,8.464425335
evelyn,5,MU324,c1,20,,71.56316408,7.555564421
evelyn,6,MU325,c1,20,,81.72499549,6.590275058
evelyn,7,MU326,c1,20,,84.00705767,8.036595272
evelyn,8,MU327,c1,20,,90.10550763,7.241625043
evelyn,9,MU328,c1,20,,,
evelyn,10,MU329,c1,20,,,
evelyn,1,MU320,c1,40,,43.85737765,10.68727739
evelyn,2,MU321,c1,40,,35.26759519,12.1097289
evelyn,3,MU322,c1,40,,35.1114516,11.87453711
evelyn,4,MU323,c1,40,,,
evelyn,5,MU324,c1,40,,54.09919706,10.18402709
evelyn,6,MU325,c1,40,,,
evelyn,7,MU326,c1,40,,48.83972532,11.32000135
evelyn,8,MU327,c1,40,,58.30056982,11.21264034
evelyn,9,MU328,c1,40,,56.03184744,10.00364088
evelyn,10,MU329,c1,40,,66.73323867,11.23519626
evelyn,1,MU330,c2,20,,14.29808121,6.354551393
evelyn,2,MU331,c2,20,,18.10199559,10.01271228
evelyn,3,MU332,c2,20,,18.125339,8.136109561
evelyn,4,MU333,c2,20,,25.71175333,6.729884563
evelyn,5,MU334,c2,20,,30.74909976,12.65285557
evelyn,6,MU335,c2,20,,63.24468041,10.35234898
evelyn,7,MU336,c2,20,,67.1916769,7.094547441
evelyn,8,MU337,c2,20,1.678510574,71.89773136,8.919778071
evelyn,9,MU338,c2,20,,74.61634969,7.559954361
evelyn,10,MU339,c2,20,1.568964423,76.17471073,6.91081626
evelyn,11,MU340,c2,20,,80.57963365,5.855447101
evelyn,12,MU341,c2,20,,82.66459941,10.17442284
evelyn,13,MU342,c2,20,,93.57682884,6.699480971
evelyn,14,MU343,c2,20,,,
evelyn,15,MU344,c2,20,,,
evelyn,16,MU345,c2,20,,,
evelyn,1,MU330,c2,40,,9.277045402,9.367571771
evelyn,2,MU331,c2,40,,,
evelyn,3,MU332,c2,40,,,
evelyn,4,MU333,c2,40,,,
evelyn,5,MU334,c2,40,,23.4889905,12.99937138
evelyn,6,MU335,c2,40,,42.16456266,11.94790652
evelyn,7,MU336,c2,40,,32.65111686,9.778230763
evelyn,8,MU337,c2,40,1.98132123,37.34266135,10.77956632
evelyn,9,MU338,c2,40,,39.64531755,9.118708124
evelyn,10,MU339,c2,40,2.196825619,37.3919558,10.4596579
evelyn,11,MU340,c2,40,,49.71699937,9.154796105
evelyn,12,MU341,c2,40,,,
evelyn,13,MU342,c2,40,,,
evelyn,14,MU343,c2,40,,48.86684549,6.729498069
evelyn,15,MU344,c2,40,,49.51712688,7.600155031
evelyn,16,MU345,c2,40,,53.43613031,6.849649299
evelyn,1,MU346,post,20,,7.442845455,8.657663098
evelyn,2,MU347,post,20,,13.65728608,10.81215747
evelyn,3,MU348,post,20,,50.69187181,13.67674331
evelyn,4,MU349,post,20,,56.50559169,11.34644599
evelyn,5,MU350,post,20,,81.75359457,10.01557663
evelyn,6,MU351,post,20,3.418894215,82.55867292,10.33077604
evelyn,7,MU352,post,20,,,
evelyn,1,MU346,post,40,,2.836858372,10.30950314
evelyn,2,MU347,post,40,,,
evelyn,3,MU348,post,40,,,
evelyn,4,MU349,post,40,,42.01999245,12.50701738
evelyn,5,MU350,post,40,,32.61810759,11.1877432
evelyn,6,MU351,post,40,5.486172064,53.58790701,13.66154991
evelyn,7,MU352,post,40,,80.11641189,12.85549324
jennyn,1,MU353,c1,20,,28.24931556,7.276655845
jennyn,2,MU354,c1,20,,33.29050229,6.515788395
jennyn,3,MU355,c1,20,,36.58152064,9.156582329
jennyn,4,MU356,c1,20,,38.64260307,9.050057468
jennyn,5,MU357,c1,20,,39.46883885,7.08288934
jennyn,6,MU358,c1,20,,59.09451273,6.393681056
jennyn,7,MU359,c1,20,0.763898646,61.73464059,9.596179191
jennyn,8,MU360,c1,20,,91.84206353,8.205054395
jennyn,9,MU361,c1,20,,,
jennyn,10,MU362,c1,20,,,
jennyn,11,MU363,c1,20,,,
jennyn,12,MU364,c1,20,,,
jennyn,13,MU365,c1,20,,,
jennyn,1,MU353,c1,40,,21.86503696,8.636429222
jennyn,2,MU354,c1,40,,25.95436056,7.606840436
jennyn,3,MU355,c1,40,,24.30075337,10.03921428
jennyn,4,MU356,c1,40,,25.99026769,11.07291286
jennyn,5,MU357,c1,40,,33.86232539,8.642079661
jennyn,6,MU358,c1,40,,26.43145036,7.28890358
jennyn,7,MU359,c1,40,1.164377061,37.99540732,10.33779668
jennyn,8,MU360,c1,40,,48.9313394,9.98300094
jennyn,9,MU361,c1,40,,51.84247873,9.315706251
jennyn,10,MU362,c1,40,,55.85521876,9.702989052
jennyn,11,MU363,c1,40,,55.65465183,7.859560929
jennyn,12,MU364,c1,40,,57.6262821,8.304001459
jennyn,13,MU365,c1,40,,58.03613645,7.310308192
jennyn,1,MU366,c2,20,,13.84973147,8.867556338
jennyn,2,MU367,c2,20,,27.22579495,7.451553934
jennyn,3,MU368,c2,20,,35.98737646,7.248054068
jennyn,4,MU369,c2,20,,40.27336656,9.217638913
jennyn,5,MU370,c2,20,-0.68068078,44.83571575,6.759712286
jennyn,6,MU371,c2,20,0.272506717,49.20802468,6.660702601
jennyn,7,MU372,c2,20,,48.55950564,6.99069259
jennyn,8,MU373,c2,20,,50.71855324,8.56152801
jennyn,9,MU374,c2,20,,74.81874087,6.529320166
jennyn,10,MU375,c2,20,1.471216251,80.21900512,8.16595905
jennyn,11,MU376,c2,20,,91.64280361,8.814903987
jennyn,12,MU377,c2,20,,,
jennyn,13,MU378,c2,20,,,
jennyn,14,MU379,c2,20,,,
jennyn,1,MU366,c2,40,,10.95359807,11.66802689
jennyn,2,MU367,c2,40,,18.92730183,8.231374569
jennyn,3,MU368,c2,40,,18.68783063,9.327811008
jennyn,4,MU369,c2,40,,25.53140927,9.365130525
jennyn,5,MU370,c2,40,0.621492407,23.507615,8.108135786
jennyn,6,MU371,c2,40,0.419299096,22.63521179,8.214670742
jennyn,7,MU372,c2,40,,29.28303677,8.054871723
jennyn,8,MU373,c2,40,,,
jennyn,9,MU374,c2,40,,31.24405357,10.39690966
jennyn,10,MU375,c2,40,0.551140818,45.89183713,9.628386668
jennyn,11,MU376,c2,40,,52.31384048,9.725738889
jennyn,12,MU377,c2,40,,41.4171916,8.584910896
jennyn,13,MU378,c2,40,,61.91439357,8.740010748
jennyn,14,MU379,c2,40,,65.09760602,7.266785
jennyn,1,MU380,post,20,,19.5526917,8.088961353
jennyn,2,MU381,post,20,,29.49418804,7.057639279
jennyn,3,MU382,post,20,,29.72875831,7.977548143
jennyn,4,MU383,post,20,0.497281914,42.98422218,8.478507586
jennyn,5,MU384,post,20,,56.55354338,9.505261562
jennyn,6,MU385,post,20,1.362906633,58.71481859,10.38326503
jennyn,7,MU386,post,20,,47.13679776,9.978954365
jennyn,8,MU387,post,20,4.114840315,66.32869122,9.006646629
jennyn,9,MU388,post,20,2.751059929,62.45491546,10.09995418
jennyn,10,MU389,post,20,2.613416728,66.27250491,8.975196882
jennyn,11,MU390,post,20,,79.19162622,7.891686414
jennyn,12,MU391,post,20,1.90188617,89.83468475,5.247280746
jennyn,13,MU392,post,20,,93.15936124,7.557442743
jennyn,14,MU393,post,20,,95.73446981,7.600029083
jennyn,15,MU394,post,20,,,
jennyn,16,MU395,post,20,,,
jennyn,17,MU396,post,20,,,
jennyn,18,MU397,post,20,,,
jennyn,1,MU380,post,40,,,
jennyn,2,MU381,post,40,,22.20579205,7.854781775
jennyn,3,MU382,post,40,,17.92252276,9.194992579
jennyn,4,MU383,post,40,0.949318003,31.58429308,9.870046733
jennyn,5,MU384,post,40,,46.66355712,10.25629144
jennyn,6,MU385,post,40,1.546125607,29.5980996,10.53181628
jennyn,7,MU386,post,40,,20.68617076,10.13353093
jennyn,8,MU387,post,40,3.862078382,44.89842477,9.975820708
jennyn,9,MU388,post,40,2.688679768,40.08308206,11.60389312
jennyn,10,MU389,post,40,2.610006844,49.15200404,10.68591567
jennyn,11,MU390,post,40,,,
jennyn,12,MU391,post,40,2.468542561,41.69333651,7.546028677
jennyn,13,MU392,post,40,,31.6322787,8.632666446
jennyn,14,MU393,post,40,,,
jennyn,15,MU394,post,40,,54.17944158,6.874780675
jennyn,16,MU395,post,40,,67.8484448,8.796179503
jennyn,17,MU396,post,40,,69.31601222,11.3342058
jennyn,18,MU397,post,40,,87.30064007,8.097013924
joanne,1,MU398,c1,20,,2.46525609,8.853178688
joanne,2,MU399,c1,20,,5.951554051,8.096164711
joanne,3,MU400,c1,20,,5.561419493,8.235020756
joanne,4,MU401,c1,20,,10.99945237,7.043307248
joanne,5,MU402,c1,20,2.314503547,35.49850614,7.276004546
joanne,6,MU403,c1,20,2.425518491,65.28661742,7.546985115
joanne,7,MU404,c1,20,1.64648789,68.83686694,9.027116539
joanne,8,MU405,c1,20,,69.06717352,6.629447828
joanne,9,MU406,c1,20,,84.41403366,7.010184474
joanne,10,MU407,c1,20,,89.16000351,6.299772346
joanne,11,MU408,c1,20,,,
joanne,12,MU409,c1,20,,,
joanne,1,MU398,c1,40,,1.476555477,9.18538574
joanne,2,MU399,c1,40,,1.543609667,8.084230559
joanne,3,MU400,c1,40,,1.455627345,8.482352007
joanne,4,MU401,c1,40,,1.456382298,7.074313247
joanne,5,MU402,c1,40,1.90241526,23.12358946,7.165705837
joanne,6,MU403,c1,40,1.295306113,40.07951917,7.713417937
joanne,7,MU404,c1,40,1.956455511,58.583139,8.654658502
joanne,8,MU405,c1,40,,48.8490179,7.558280717
joanne,9,MU406,c1,40,,,
joanne,10,MU407,c1,40,,,
joanne,11,MU408,c1,40,,67.81291542,6.275419975
joanne,12,MU409,c1,40,,68.62101374,9.681787189
joanne,1,MU410,c2,20,,2.817575379,8.335919874
joanne,2,MU411,c2,20,,2.829560376,8.691789979
joanne,3,MU412,c2,20,,2.826241343,7.918766578
joanne,4,MU413,c2,20,,3.080539561,7.335157321
joanne,5,MU414,c2,20,,27.08225566,8.426671573
joanne,6,MU415,c2,20,,54.13414558,7.08904473
joanne,7,MU416,c2,20,,59.56350751,7.542491284
joanne,8,MU417,c2,20,,61.74113342,9.063781655
joanne,9,MU418,c2,20,1.871651271,79.02363031,6.791027889
joanne,10,MU419,c2,20,1.356798841,79.18255531,5.989528647
joanne,11,MU420,c2,20,,,
joanne,12,MU421,c2,20,,,
joanne,13,MU422,c2,20,,,
joanne,1,MU410,c2,40,,0.736654133,8.747569558
joanne,2,MU411,c2,40,,1.171745027,8.925390165
joanne,3,MU412,c2,40,,1.234624662,7.970364152
joanne,4,MU413,c2,40,,1.48206367,7.760175977
joanne,5,MU414,c2,40,,,
joanne,6,MU415,c2,40,,37.55909911,7.740812983
joanne,7,MU416,c2,40,,33.65520101,8.639911818
joanne,8,MU417,c2,40,,39.59372927,10.2089955
joanne,9,MU418,c2,40,1.451047009,47.00070292,8.830012232
joanne,10,MU419,c2,40,1.054269559,45.15491927,8.191694367
joanne,11,MU420,c2,40,,47.03701281,7.933330445
joanne,12,MU421,c2,40,,69.85280819,9.548382458
joanne,13,MU422,c2,40,,86.95241474,8.222257041
joanne,1,MU423,post,20,,1.708782977,9.071445166
joanne,2,MU424,post,20,,1.73239866,8.694939459
joanne,3,MU425,post,20,,14.93662078,9.046631717
joanne,4,MU426,post,20,1.573954541,25.83803297,7.617161413
joanne,5,MU427,post,20,3.33791341,32.56209067,9.134498088
joanne,6,MU428,post,20,,49.05708985,7.204508329
joanne,7,MU429,post,20,1.997357004,65.49650453,6.267747912
joanne,8,MU430,post,20,2.714934385,68.67409973,8.051369253
joanne,9,MU431,post,20,1.78119349,68.77406743,7.370416704
joanne,10,MU432,post,20,2.172316353,75.12329525,7.104849906
joanne,11,MU433,post,20,3.209262661,83.37783393,6.050358237
joanne,12,MU434,post,20,,,
joanne,13,MU435,post,20,,,
joanne,1,MU423,post,40,,3.03083413,9.060381848
joanne,2,MU424,post,40,,4.421766823,9.269439565
joanne,3,MU425,post,40,,2.975310408,8.910780745
joanne,4,MU426,post,40,1.341615786,14.32974585,8.013323382
joanne,5,MU427,post,40,3.304088051,21.55954483,10.01836994
joanne,6,MU428,post,40,,29.3055641,7.972758651
joanne,7,MU429,post,40,2.734577212,37.35615199,8.427399021
joanne,8,MU430,post,40,2.336992429,37.52877013,9.421489143
joanne,9,MU431,post,40,4.437623086,50.05974337,9.756346655
joanne,10,MU432,post,40,2.679885387,41.33658607,10.01978117
joanne,11,MU433,post,40,3.98553132,53.43827007,7.737886381
joanne,12,MU434,post,40,,67.41279323,9.824980609
joanne,13,MU435,post,40,,78.76670067,8.155975491
julie,1,MU436,c1,20,,36.41560457,9.670144551
julie,2,MU437,c1,20,,44.92180621,8.780320883
julie,3,MU438,c1,20,2.257369654,49.1192354,8.807979953
julie,4,MU439,c1,20,,79.39328767,9.129875517
julie,1,MU436,c1,40,,34.26786157,10.49498461
julie,2,MU437,c1,40,,39.66317352,10.20200095
julie,3,MU438,c1,40,3.095844298,47.5229126,10.00294139
julie,4,MU439,c1,40,,33.40177628,12.10553779
julie,1,MU440,c2,20,,32.711101,10.66774248
julie,2,MU441,c2,20,2.123127914,63.1957759,8.982575107
julie,3,MU442,c2,20,3.787254152,75.87189841,11.20473947
julie,1,MU440,c2,40,,11.88025246,10.66987169
julie,2,MU441,c2,40,2.52338782,38.00865511,9.244014741
julie,3,MU442,c2,40,3.736456435,45.44660919,10.6725568
julie,1,MU443,post,20,,36.70132072,10.84474087
julie,2,MU444,post,20,4.24962164,68.2865961,9.221418701
julie,3,MU445,post,20,5.097847502,69.24602556,9.976270696
julie,4,MU446,post,20,,,
julie,1,MU443,post,40,,21.90610097,11.35165172
julie,2,MU444,post,40,4.237639272,41.45900282,12.90169736
julie,3,MU445,post,40,5.302144189,38.72349706,11.69439786
julie,4,MU446,post,40,,71.03567064,11.20755866
lynnette,1,MU447,c1,20,,31.55417626,7.392484243
lynnette,2,MU448,c1,20,,35.03782342,7.409376227
lynnette,3,MU449,c1,20,,36.03014889,8.274912646
lynnette,4,MU450,c1,20,,38.16604017,7.779891918
lynnette,5,MU451,c1,20,,60.54790412,6.893664617
lynnette,6,MU452,c1,20,,78.12362226,6.943824838
lynnette,7,MU453,c1,20,,82.26110825,5.903925263
lynnette,8,MU454,c1,20,,93.60681523,6.022473077
lynnette,9,MU455,c1,20,0.925659118,98.83853185,6.249403378
lynnette,10,MU456,c1,20,,,
lynnette,11,MU457,c1,20,,,
lynnette,1,MU447,c1,40,,13.4210376,7.250713102
lynnette,2,MU448,c1,40,,13.99844495,8.005365659
lynnette,3,MU449,c1,40,,19.49508197,7.502317208
lynnette,4,MU450,c1,40,,15.60880538,7.021077521
lynnette,5,MU451,c1,40,,41.36910097,7.820003298
lynnette,6,MU452,c1,40,,,
lynnette,7,MU453,c1,40,,74.85599196,5.533393496
lynnette,8,MU454,c1,40,,,
lynnette,9,MU455,c1,40,1.091459409,71.11147736,7.633418866
lynnette,10,MU456,c1,40,,46.89512277,11.6166994
lynnette,11,MU457,c1,40,,76.46535198,11.90673247
lynnette,1,MU458,c2,20,,44.15976134,7.698024521
lynnette,2,MU459,c2,20,,53.37793038,7.299426867
lynnette,3,MU460,c2,20,,54.15735829,7.171286238
lynnette,4,MU461,c2,20,,63.17921122,6.691396398
lynnette,5,MU462,c2,20,,73.7992431,7.510597229
lynnette,6,MU463,c2,20,0.184367336,75.01452629,9.18338824
lynnette,7,MU464,c2,20,,89.59055176,6.275168796
lynnette,8,MU465,c2,20,,,
lynnette,1,MU458,c2,40,,,
lynnette,2,MU459,c2,40,,38.56885169,7.649142891
lynnette,3,MU460,c2,40,,33.71794079,8.31138347
lynnette,4,MU461,c2,40,,48.75778515,7.449215753
lynnette,5,MU462,c2,40,,53.97088619,8.076156154
lynnette,6,MU463,c2,40,1.478033343,66.78752976,13.43214242
lynnette,7,MU464,c2,40,,,
lynnette,8,MU465,c2,40,,75.1380225,8.531852472
lynnette,1,MU466,post,20,,16.058737,8.19697776
lynnette,2,MU467,post,20,,31.27656163,7.767668044
lynnette,3,MU468,post,20,,41.09811347,8.170148466
lynnette,4,MU469,post,20,1.419940006,52.37696841,7.869963367
lynnette,5,MU470,post,20,,60.2665509,10.21747444
lynnette,6,MU471,post,20,,63.86733593,6.965892644
lynnette,7,MU472,post,20,,81.89497664,6.827973212
lynnette,8,MU473,post,20,,86.76586554,6.398156168
lynnette,9,MU474,post,20,,,
lynnette,10,MU475,post,20,,,
lynnette,1,MU466,post,40,,6.542484281,10.06894717
lynnette,2,MU467,post,40,,6.079983241,8.300052847
lynnette,3,MU468,post,40,,23.17499775,12.58881019
lynnette,4,MU469,post,40,1.916135965,36.60283473,8.656766028
lynnette,5,MU470,post,40,,,
lynnette,6,MU471,post,40,,36.39772921,9.570470697
lynnette,7,MU472,post,40,,,
lynnette,8,MU473,post,40,,,
lynnette,9,MU474,post,40,,68.17034437,7.263171742
lynnette,10,MU475,post,40,,76.8441753,8.763985673
steve,1,MU476,c1,20,,3.565707892,12.49250822
steve,2,MU477,c1,20,,3.619719894,11.15972705
steve,3,MU478,c1,20,,4.641979565,11.09558008
steve,4,MU479,c1,20,,7.398979336,12.19834046
steve,5,MU480,c1,20,,11.05682307,11.56487877
steve,6,MU481,c1,20,,11.12715148,7.158696652
steve,7,MU482,c1,20,,22.3277391,10.42571673
steve,8,MU483,c1,20,,49.74669287,9.1106285
steve,9,MU484,c1,20,,52.46665902,7.529666328
steve,10,MU485,c1,20,,75.62129501,7.980205711
steve,11,MU486,c1,20,,83.19052839,6.551884474
steve,12,MU487,c1,20,,,
steve,13,MU488,c1,20,,,
steve,14,MU489,c1,20,,,
steve,1,MU476,c1,40,,,
steve,2,MU477,c1,40,,,
steve,3,MU478,c1,40,,15.08449775,11.01533569
steve,4,MU479,c1,40,,,
steve,5,MU480,c1,40,,,
steve,6,MU481,c1,40,,2.347664056,7.193485901
steve,7,MU482,c1,40,,2.097227894,9.619081521
steve,8,MU483,c1,40,,2.090450458,9.144886474
steve,9,MU484,c1,40,,60.35757337,8.816684432
steve,10,MU485,c1,40,,27.72363569,8.49212825
steve,11,MU486,c1,40,,6.560464954,7.83216828
steve,12,MU487,c1,40,,54.83181584,8.747971381
steve,13,MU488,c1,40,,75.86088404,7.697967683
steve,14,MU489,c1,40,,85.44927731,6.80443649
steve,1,MU490,c2,20,,2.44426506,10.9675415
steve,2,MU491,c2,20,,3.533582089,10.92999858
steve,3,MU492,c2,20,,6.681584,10.77222216
steve,4,MU493,c2,20,2.441125599,6.700873319,7.821129874
steve,5,MU494,c2,20,2.437660863,10.34782724,7.91727445
steve,6,MU495,c2,20,2.320395806,14.68587588,9.83724228
steve,7,MU496,c2,20,,25.9743636,6.729586079
steve,8,MU497,c2,20,,54.56945003,5.303941568
steve,9,MU498,c2,20,,82.95649885,6.756064298
steve,10,MU499,c2,20,,,
steve,11,MU500,c2,20,,,
steve,12,MU501,c2,20,,,
steve,13,MU502,c2,20,,,
steve,14,MU503,c2,20,,,
steve,15,MU504,c2,20,,,
steve,16,MU505,c2,20,,,
steve,1,MU490,c2,40,,0.64439976,9.588880066
steve,2,MU491,c2,40,,,
steve,3,MU492,c2,40,,3.617388328,9.734273955
steve,4,MU493,c2,40,2.445263542,8.795342085,7.161473266
steve,5,MU494,c2,40,2.676279797,7.479006977,7.003730252
steve,6,MU495,c2,40,2.701712468,8.046744011,9.834030142
steve,7,MU496,c2,40,,,
steve,8,MU497,c2,40,,48.89633541,6.810827541
steve,9,MU498,c2,40,,41.59914942,7.871497321
steve,10,MU499,c2,40,,51.13924412,7.049786099
steve,11,MU500,c2,40,,52.2852888,6.691825593
steve,12,MU501,c2,40,,57.40487808,6.704394497
steve,13,MU502,c2,40,,61.89079799,7.83893116
steve,14,MU503,c2,40,,67.76539446,7.360705089
steve,15,MU504,c2,40,,70.21280977,7.428814344
steve,16,MU505,c2,40,,76.38841438,7.629325876
steve,1,MU506,post,20,,24.55420139,8.398078593
steve,2,MU507,post,20,,25.00035312,11.1460821
steve,3,MU508,post,20,,27.55318121,7.67990229
steve,4,MU509,post,20,,35.19229591,10.35646992
steve,5,MU510,post,20,,36.59090809,7.113180975
steve,6,MU511,post,20,2.190985509,63.81525112,8.071526171
steve,7,MU512,post,20,4.661501846,67.88166353,8.688644424
steve,8,MU513,post,20,,71.75300811,7.576214099
steve,9,MU514,post,20,2.687124919,73.88803789,7.692007559
steve,10,MU515,post,20,,77.022767,7.319081708
steve,11,MU516,post,20,,77.00551079,6.90090851
steve,12,MU517,post,20,,78.08518497,6.401585999
steve,13,MU518,post,20,3.379995676,78.16315857,7.562560388
steve,14,MU519,post,20,,86.17649157,6.055495098
steve,15,MU520,post,20,,88.10242932,6.00980013
steve,16,MU521,post,20,,90.26300807,9.339187696
steve,17,MU522,post,20,,93.81641601,6.761126905
steve,18,MU523,post,20,,,
steve,19,MU524,post,20,,,
steve,20,MU525,post,20,,,
steve,21,MU526,post,20,,,
steve,22,MU527,post,20,,,
steve,1,MU506,post,40,,20.855256,9.837288733
steve,2,MU507,post,40,,,
steve,3,MU508,post,40,,67.40012062,10.10901935
steve,4,MU509,post,40,,29.72727543,11.37274878
steve,5,MU510,post,40,,29.86015205,9.4102639
steve,6,MU511,post,40,1.678553365,42.26134454,10.73891657
steve,7,MU512,post,40,5.071000368,51.76971789,10.20538716
steve,8,MU513,post,40,,63.92335751,9.765493329
steve,9,MU514,post,40,2.836682203,59.89661439,11.42909133
steve,10,MU515,post,40,,,
steve,11,MU516,post,40,,,
steve,12,MU517,post,40,,,
steve,13,MU518,post,40,4.556136284,57.75662329,9.689494253
steve,14,MU519,post,40,,72.31481883,8.555863369
steve,15,MU520,post,40,,76.07864222,8.755356202
steve,16,MU521,post,40,,,
steve,17,MU522,post,40,,75.37166445,10.30079645
steve,18,MU523,post,40,,77.59446528,10.67900321
steve,19,MU524,post,40,,78.75947388,12.38793779
steve,20,MU525,post,40,,79.11077166,12.43950938
steve,21,MU526,post,40,,85.09425936,11.73238662
steve,22,MU527,post,40,,85.11859305,9.056428041
